{"W1":[0.501667857170105,1.551124095916748,1.2871973514556885,1.2365328073501588,-1.063410758972168,1.3661655187606812,0.8873247504234314,-0.8848721385002136,0.16720068454742433,0.9298826456069946,-0.42549067735671999,0.9129478931427002,-2.166987657546997,-0.5658730268478394,1.8635450601577759,1.4672833681106568,2.9321844577789308,0.6767503619194031,0.38877883553504946,0.4900229275226593,1.4144415855407715,-0.17221249639987946,-1.0715968608856202,0.6904929280281067,-0.37300121784210207],"W2":[0.6333059072494507,-0.9011303186416626,2.088087558746338,0.21474629640579225,1.1402146816253663,-0.37487703561782839,-0.8219315409660339,0.6763441562652588,0.08404838293790817,0.7720673084259033,0.015269299037754536,-0.35456812381744387,-1.7274565696716309,-0.95970618724823,1.4205129146575928],"b1":[-0.8530527353286743,-0.47623109817504885,0.8641439080238342,0.9869406819343567,-0.0654994323849678],"b2":[-1.0631076097488404,0.6236100196838379,1.2316265106201172]}
